{"g_loss": [0.6440064586125888, 0.689879412834461, 0.7255670061478248, 0.7636273274054894, 0.7779602225010211, 0.7845731973648071, 0.7921651280843295, 0.8038403850335342, 0.8084238584224994, 0.8216729714320257, 0.8165591359138489, 0.8144886539532588, 0.8131765631529001, 0.7993628290983347, 0.7992759530360882, 0.7963032126426697, 0.7989740509253281, 0.7991977654970609, 0.7991565007429856, 0.8011530133394095, 0.7999387566859906, 0.8016782586391156, 0.8025120450900152, 0.8008450636496911, 0.806598608310406, 0.8061557091199435, 0.8078857339345492, 0.8106566759256216, 0.8103431188143216, 0.8148060211768517, 0.8130190280767587, 0.8170480498900781, 0.8177827229866614, 0.8192568192115197, 0.8213385068453275, 0.8211236229309669, 0.8260485621599051, 0.8286549861614521, 0.8301164599565359, 0.8297213545212379, 0.8331569616611187, 0.8354669121595529, 0.8368611885951116, 0.8392738058016851, 0.8448539743056664, 0.843641106898968, 0.848554959663978, 0.8477864219592168, 0.8527365831228403, 0.8551441706143893, 0.860771133349492, 0.86392519565729, 0.8660365664041959, 0.8643118647428659, 0.8695208246891315, 0.871057744209583, 0.8770109002406781, 0.8773999901918265, 0.8856836694937485, 0.8873551671321576, 0.8908731708159814, 0.8937545556288499, 0.8938820683039151, 0.9033457270035377, 0.9031923229877765, 0.9111759341680087, 0.9101866437838628, 0.915398359298706, 0.9174299790309026, 0.9254540113302377, 0.9326132444234995, 0.9354478350052466, 0.9367972520681528, 0.9459041265340952, 0.9452098332918607, 0.9531008234390845, 0.9606584906578064, 0.9621712840520419, 0.9703210867368258, 0.9726205376478342], "d_loss": [1.4002400728372426, 1.3676350850325365, 1.357346589748676, 1.349113867833064, 1.3419539378239558, 1.3466616227076604, 1.3469745562626765, 1.3372511588610136, 1.324732441168565, 1.3079205751419067, 1.3288201277072613, 1.3415448573919444, 1.3471535444259644, 1.352833601144644, 1.3486865575496967, 1.3542220225700965, 1.3470833393243642, 1.3429991281949556, 1.3436542657705455, 1.3411204264714167, 1.3409607593829815, 1.3384352830740123, 1.3356934419045081, 1.3333164086708655, 1.3313634120501006, 1.3273392273829534, 1.323735310481145, 1.3208909401526818, 1.3189492592444787, 1.3182088228372426, 1.3159907230964074, 1.313460716834435, 1.3087751406889696, 1.307294643842257, 1.3027984637480516, 1.3000039137326753, 1.2982324270101695, 1.2962962480691762, 1.2906453701166005, 1.2870101011716402, 1.2858635187149048, 1.279980943753169, 1.278582371198214, 1.2729516946352446, 1.2713069457274218, 1.2657337280420156, 1.2608565092086792, 1.2575967678656945, 1.2548345969273493, 1.2513526586385875, 1.248161636866056, 1.2454096262271588, 1.2397358692609346, 1.2322931564771211, 1.2315393136097834, 1.2237695914048414, 1.2220944257882924, 1.2164623278837938, 1.209259638419518, 1.207770641033466, 1.2025901262576764, 1.1943806593234723, 1.1920122183286226, 1.1859188721730158, 1.1816599185650165, 1.174955652310298, 1.171611556640038, 1.1677027665651762, 1.1553108783868642, 1.1599578307225153, 1.148093920487624, 1.1480154991149902, 1.143201938042274, 1.1328669511354887, 1.124909575168903, 1.1239154430536122, 1.1188782636935894, 1.1095977746523344, 1.1069360237855177, 1.0957428583732018]}